missing_from_json,available_file
asparagus_goat_cheese_tart,asparagus_and_goat_cheese_tart
banana_smoothie,banana_oatmeal_smoothie
butternut_squash_pasta,butternut_squash_and_sage_pasta
chocolate_brownies,chocolate_fudge_brownies
chocolate_mousse,vegan_chocolate_avocado_mousse
deviled_eggs_bacon,deviled_eggs_with_bacon
garlic_popcorn,garlic_butter_popcorn
herb_chicken,roasted_herb-crusted_chicken
hot_spiced_cider,hot_spiced_apple_cider
hummus_pita_chips,homemade_hummus_with_pita_chips
pb_banana_toast,peanut_butter_and_banana_toast
pea_mint_soup,pea_and_mint_soup
quinoa_black_bean_bowl,quinoa_and_black_bean_bowl
scrambled_eggs_salmon,scrambled_eggs_with_smoked_salmon
shepherds_pie,shepherd's_pie
spiced_pear_walnut_salad,spiced_pear_and_walnut_salad
spinach_artichoke_dip,spinach_and_artichoke_dip
spinach_omelette,spinach_and_feta_omelette
spring_vegetable_stir_fry,spring_vegetable_stir-fry
sweet_potato_stew,sweet_potato_hash_with_eggs
tomato_soup,creamy_tomato_soup
tuna_salad_wraps,tuna_salad_lettuce_wraps
turkey_swiss_wrap,turkey_and_swiss_wrap
